{
    "<pad>": 0,
    "<unk>": 1,
    "<eos>": 2,
    "<s>": 3,
    ".": 4,
    "you": 5,
    "?": 6,
    "is": 7,
    "the": 8,
    "i": 9,
    ",": 10,
    "a": 11,
    "to": 12,
    "for": 13,
    "and": 14,
    "would": 15,
    "have": 16,
    "in": 17,
    "are": 18,
    "there": 19,
    "like": 20,
    "[value_count]": 21,
    "at": 22,
    "number": 23,
    "your": 24,
    "can": 25,
    "that": 26,
    "of": 27,
    "else": 28,
    "[value_area]": 29,
    "anything": 30,
    "with": 31,
    "do": 32,
    "it": 33,
    "!": 34,
    "help": 35,
    "what": 36,
    "[restaurant_name]": 37,
    "book": 38,
    "reference": 39,
    "day": 40,
    "be": 41,
    "will": 42,
    "[value_pricerange]": 43,
    "[hotel_name]": 44,
    "-s": 45,
    "[restaurant_food]": 46,
    "on": 47,
    "me": 48,
    "time": 49,
    "restaurant": 50,
    "or": 51,
    "area": 52,
    "price": 53,
    "town": 54,
    "was": 55,
    "[attraction_name]": 56,
    "phone": 57,
    "booking": 58,
    "great": 59,
    "need": 60,
    "located": 61,
    "[train_leaveat]": 62,
    "range": 63,
    "[attraction_type]": 64,
    "hotel": 65,
    "[train_trainid]": 66,
    "welcome": 67,
    "thank": 68,
    "booked": 69,
    "free": 70,
    "train": 71,
    "today": 72,
    "how": 73,
    "[train_arriveby]": 74,
    "am": 75,
    "any": 76,
    "sure": 77,
    "not": 78,
    "their": 79,
    "yes": 80,
    "from": 81,
    "we": 82,
    "no": 83,
    "many": 84,
    "postcode": 85,
    "goodbye": 86,
    "food": 87,
    "address": 88,
    "successful": 89,
    "[hotel_reference]": 90,
    "[restaurant_reference]": 91,
    "okay": 92,
    "stay": 93,
    "[train_price]": 94,
    "reservation": 95,
    "type": 96,
    "[hotel_stars]": 97,
    "table": 98,
    "sorry": 99,
    "where": 100,
    "they": 101,
    "[attraction_address]": 102,
    "[train_reference]": 103,
    "contact": 104,
    "by": 105,
    "want": 106,
    "information": 107,
    "[restaurant_address]": 108,
    "fee": 109,
    "if": 110,
    "minutes": 111,
    "about": 112,
    "star": 113,
    "[taxi_type]": 114,
    "has": 115,
    "all": 116,
    "[attraction_phone]": 117,
    "enjoy": 118,
    "parking": 119,
    "[taxi_phone]": 120,
    "[value_place]": 121,
    "leaves": 122,
    "try": 123,
    "which": 124,
    "more": 125,
    "[train_departure]": 126,
    "[attraction_postcode]": 127,
    "looking": 128,
    "different": 129,
    "trains": 130,
    "an": 131,
    "[train_destination]": 132,
    "recommend": 133,
    "arrive": 134,
    "guesthouse": 135,
    "part": 136,
    "prefer": 137,
    "[restaurant_phone]": 138,
    "this": 139,
    "but": 140,
    "arrives": 141,
    "place": 142,
    "another": 143,
    "leave": 144,
    "pounds": 145,
    "available": 146,
    "options": 147,
    "priced": 148,
    "criteria": 149,
    "using": 150,
    "people": 151,
    "preference": 152,
    "assist": 153,
    "ok": 154,
    "good": 155,
    "-ly": 156,
    "[value_people]": 157,
    "nice": 158,
    "leaving": 159,
    "know": 160,
    "could": 161,
    "station": 162,
    "please": 163,
    "travel": 164,
    "[value_day]": 165,
    "make": 166,
    "room": 167,
    "gbp": 168,
    "[value_time]": 169,
    "entrance": 170,
    "[train_day]": 171,
    "may": 172,
    "total": 173,
    "taxi": 174,
    "work": 175,
    "our": 176,
    "other": 177,
    "able": 178,
    "us": 179,
    "does": 180,
    "reserved": 181,
    "[hotel_address]": 182,
    "departing": 183,
    "guesthouses": 184,
    "tickets": 185,
    "get": 186,
    "several": 187,
    "[restaurant_postcode]": 188,
    "[train_duration]": 189,
    "particular": 190,
    "found": 191,
    "destination": 192,
    "stars": 193,
    "internet": 194,
    "payable": 195,
    "find": 196,
    "very": 197,
    "them": 198,
    "up": 199,
    "departure": 200,
    "trip": 201,
    "as": 202,
    "interested": 203,
    "wifi": 204,
    "city": 205,
    "mind": 206,
    "specific": 207,
    "happy": 208,
    "something": 209,
    "arriving": 210,
    "side": 211,
    "ticket": 212,
    "glad": 213,
    "when": 214,
    "[cambridge_towninfo_centre]": 215,
    "those": 216,
    "both": 217,
    "cuisine": 218,
    "serves": 219,
    "code": 220,
    "did": 221,
    "location": 222,
    "attraction": 223,
    "further": 224,
    "[hotel_phone]": 225,
    "[hotel_postcode]": 226,
    "let": 227,
    "unfortunately": 228,
    "nights": 229,
    "service": 230,
    "thanks": 231,
    "wonderful": 232,
    "meet": 233,
    "s": 234,
    "so": 235,
    "been": 236,
    "center": 237,
    "certain": 238,
    "rating": 239,
    "down": 240,
    "look": 241,
    "go": 242,
    "narrow": 243,
    "my": 244,
    "visit": 245,
    "certainly": 246,
    "hope": 247,
    "assistance": 248,
    "attractions": 249,
    "needs": 250,
    "contacting": 251,
    "suggest": 252,
    "also": 253,
    "traveling": 254,
    "call": 255,
    "[hotel_stay]": 256,
    "well": 257,
    "car": 258,
    "depart": 259,
    "post": 260,
    "choose": 261,
    "arrival": 262,
    "tell": 263,
    "course": 264,
    "system": 265,
    "set": 266,
    "should": 267,
    "search": 268,
    "problem": 269,
    "just": 270,
    "alright": 271,
    "shall": 272,
    "here": 273,
    "departs": 274,
    "staying": 275,
    "going": 276,
    "some": 277,
    "only": 278,
    "fit": 279,
    "cost": 280,
    "first": 281,
    "quite": 282,
    "few": 283,
    "reserve": 284,
    "pleasure": 285,
    "match": 286,
    "bye": 287,
    "starting": 288,
    "serve": 289,
    "calling": 290,
    "were": 291,
    "days": 292,
    "request": 293,
    "offer": 294,
    "again": 295,
    "thing": 296,
    "preferences": 297,
    "called": 298,
    "[hospital_address]": 299,
    "admission": 300,
    "matching": 301,
    "reservations": 302,
    "now": 303,
    "[attraction_entrance]": 304,
    "these": 305,
    "made": 306,
    "after": 307,
    "its": 308,
    "absolutely": 309,
    "pick": 310,
    "check": 311,
    "got": 312,
    "requirement": 313,
    "perhaps": 314,
    "meets": 315,
    "give": 316,
    "either": 317,
    "[hospital_phone]": 318,
    "choices": 319,
    "sound": 320,
    "results": 321,
    "[hospital_postcode]": 322,
    "info": 323,
    "see": 324,
    "hour": 325,
    "[police_address]": 326,
    "completed": 327,
    "then": 328,
    "party": 329,
    "id": 330,
    "[police_phone]": 331,
    "services": 332,
    "listed": 333,
    "take": 334,
    "kind": 335,
    "[hospital_name]": 336,
    "serving": 337,
    "[police_postcode]": 338,
    "unsuccessful": 339,
    "unable": 340,
    "matches": 341,
    "guest": 342,
    "night": 343,
    "every": 344,
    "lovely": 345,
    "telephone": 346,
    "house": 347,
    "might": 348,
    "per": 349,
    "seat": 350,
    "most": 351,
    "out": 352,
    "fits": 353,
    "too": 354,
    "provide": 355,
    "right": 356,
    "choice": 357,
    "road": 358,
    "shorter": 359,
    "before": 360,
    "offers": 361,
    "into": 362,
    "questions": 363,
    "looks": 364,
    "preferred": 365,
    "rated": 366,
    "change": 367,
    "back": 368,
    "successfully": 369,
    "interest": 370,
    "reach": 371,
    "name": 372,
    "postal": 373,
    "apologize": 374,
    "site": 375,
    "costs": 376,
    "excellent": 377,
    "earliest": 378,
    "same": 379,
    "care": 380,
    "hospital": 381,
    "actually": 382,
    "wanting": 383,
    "police": 384,
    "think": 385,
    "nothing": 386,
    "best": 387,
    "lot": 388,
    "closest": 389,
    "long": 390,
    "dine": 391,
    "department": 392,
    "none": 393,
    "option": 394,
    "picked": 395,
    "[police_name]": 396,
    "suit": 397,
    "ride": 398,
    "such": 399,
    "over": 400,
    "meal": 401,
    "than": 402,
    "duration": 403,
    "seats": 404,
    "date": 405,
    "additional": 406,
    "street": 407,
    "much": 408,
    "eat": 409,
    "afraid": 410,
    "future": 411,
    "perfect": 412,
    "description": 413,
    "needing": 414,
    "enter": 415,
    "venue": 416,
    "acorn": 417,
    "reached": 418,
    "definitely": 419,
    "feel": 420,
    "coming": 421,
    "still": 422,
    "showing": 423,
    "confirm": 424,
    "confirmation": 425,
    "lots": 426,
    "ahead": 427,
    "picking": 428,
    "finding": 429,
    "complete": 430,
    "start": 431,
    "rooms": 432,
    "travelling": 433,
    "include": 434,
    "favorite": 435,
    "dining": 436,
    "show": 437,
    "maybe": 438,
    "cannot": 439,
    "rest": 440,
    "instead": 441,
    "person": 442,
    "sounds": 443,
    "better": 444,
    "popular": 445,
    "end": 446,
    "love": 447,
    "times": 448,
    "listings": 449,
    "earlier": 450,
    "specification": 451,
    "hold": 452,
    "things": 453,
    "entries": 454,
    "meeting": 455,
    "done": 456,
    "availability": 457,
    "pay": 458,
    "anytime": 459,
    "later": 460,
    "wish": 461,
    "hesitate": 462,
    "others": 463,
    "though": 464,
    "fantastic": 465,
    "plenty": 466,
    "heading": 467,
    "choosing": 468,
    "fun": 469,
    "[hospital_department]": 470,
    "recommendation": 471,
    "ref": 472,
    "slot": 473,
    "guests": 474,
    "correct": 475,
    "next": 476,
    "houses": 477,
    "everything": 478,
    "however": 479,
    "evening": 480,
    "hear": 481,
    "fine": 482,
    "&": 483,
    "confirmed": 484,
    "needed": 485,
    "headed": 486,
    "matter": 487,
    "little": 488,
    "way": 489,
    "seems": 490,
    "types": 491,
    "oh": 492,
    "listing": 493,
    "theatres": 494,
    "planning": 495,
    "between": 496,
    "point": 497,
    "near": 498,
    "details": 499,
    "each": 500,
    "bit": 501,
    "lodge": 502,
    "st": 503,
    "require": 504,
    "b": 505,
    "route": 506,
    "last": 507,
    "requested": 508,
    "ones": 509,
    "highly": 510,
    "inexpensive": 511,
    "fees": 512,
    "gets": 513,
    "asian": 514,
    "chesterton": 515,
    "churches": 516,
    "open": 517,
    "consider": 518,
    "luck": 519,
    "pool": 520,
    "close": 521,
    "latest": 522,
    "possible": 523,
    "fitting": 524,
    "visiting": 525,
    "pleasant": 526,
    "beginning": 527,
    "letting": 528,
    "milton": 529,
    "entry": 530,
    "getting": 531,
    "held": 532,
    "around": 533,
    "gonville": 534,
    "case": 535,
    "unavailable": 536,
    "length": 537,
    "desk": 538,
    "really": 539,
    "including": 540,
    "wanted": 541,
    "allowing": 542,
    "order": 543,
    "cherry": 544,
    "indeed": 545,
    "trainid": 546,
    "list": 547,
    "fen": 548,
    "while": 549,
    "requests": 550,
    "amenities": 551,
    "hinton": 552,
    "-er": 553,
    "dinner": 554,
    "beautiful": 555,
    "run": 556,
    "seem": 557,
    "clarify": 558,
    "specify": 559,
    "begin": 560,
    "takes": 561,
    "met": 562,
    "apologies": 563,
    "early": 564,
    "accommodate": 565,
    "safe": 566,
    "passage": 567,
    "nearest": 568,
    "come": 569,
    "within": 570,
    "lodging": 571,
    "news": 572,
    "always": 573,
    "ready": 574,
    "pricing": 575,
    "morning": 576,
    "week": 577,
    "offering": 578,
    "driver": 579,
    "error": 580,
    "success": 581,
    "green": 582,
    "expecting": 583,
    "multiple": 584,
    "new": 585,
    "confusion": 586,
    "towninfo": 587,
    "charge": 588,
    "art": 589,
    "mentioned": 590,
    "fare": 591,
    "interests": 592,
    "saint": 593,
    "awesome": 594,
    "marriott": 595,
    "appears": 596,
    "accommodations": 597,
    "ranging": 598,
    "sort": 599,
    "checking": 600,
    "rather": 601,
    "leisure": 602,
    "moment": 603,
    "far": 604,
    "had": 605,
    "london": 606,
    "running": 607,
    "already": 608,
    "acceptable": 609,
    "variety": 610,
    "interesting": 611,
    "aylesbray": 612,
    "style": 613,
    "church": 614,
    "bed": 615,
    "kings": 616,
    "tables": 617,
    "king": 618,
    "say": 619,
    "database": 620,
    "d": 621,
    "huntington": 622,
    "through": 623,
    "making": 624,
    "restate": 625,
    "purchase": 626,
    "plan": 627,
    "personally": 628,
    "breakfast": 629,
    "checked": 630,
    "pizza": 631,
    "theater": 632,
    "sports": 633,
    "sir": 634,
    "anymore": 635,
    "bridge": 636,
    "frame": 637,
    "alexander": 638,
    "schedule": 639,
    "[value_count],[value_count]": 640,
    "named": 641,
    "records": 642,
    "query": 643,
    "tr[value_count]": 644,
    "ditton": 645,
    "dates": 646,
    "liverpool": 647,
    "bar": 648,
    "stations": 649,
    "huntingdon": 650,
    "couple": 651,
    "possibly": 652,
    "assisting": 653,
    "reviews": 654,
    "exactly": 655,
    "full": 656,
    "somewhere": 657,
    "numbers": 658,
    "pound": 659,
    "desired": 660,
    "amazing": 661,
    "worked": 662,
    "pm": 663,
    "bet": 664,
    "regarding": 665,
    "works": 666,
    "remember": 667,
    "off": 668,
    "having": 669,
    "willing": 670,
    "trying": 671,
    "went": 672,
    "archaeology": 673,
    "heard": 674,
    "since": 675,
    "use": 676,
    "nearby": 677,
    "rosa": 678,
    "searching": 679,
    "airport": 680,
    "journey": 681,
    "currently": 682,
    "narrows": 683,
    "group": 684,
    "happen": 685,
    "pretty": 686,
    "keep": 687,
    "until": 688,
    "etc": 689,
    "soon": 690,
    "said": 691,
    "travels": 692,
    "g": 693,
    "newnham": 694,
    "afternoon": 695,
    "being": 696,
    "minute": 697,
    "thinking": 698,
    "locate": 699,
    "suitable": 700,
    "yeah": 701,
    "included": 702,
    "gallery": 703,
    "tr": 704,
    "without": 705,
    "mean": 706,
    "shorten": 707,
    "taking": 708,
    "cab": 709,
    "under": 710,
    "due": 711,
    "paid": 712,
    "access": 713,
    "mill": 714,
    "main": 715,
    "high": 716,
    "sites": 717,
    "seeing": 718,
    "yourself": 719,
    "hourly": 720,
    "during": 721,
    "holiday": 722,
    "goes": 723,
    "architectural": 724,
    "marriot": 725,
    "yet": 726,
    "hut": 727,
    "fact": 728,
    "cross": 729,
    "second": 730,
    "chose": 731,
    "send": 732,
    "recommended": 733,
    "must": 734,
    "pools": 735,
    "departures": 736,
    "worth": 737,
    "plough": 738,
    "transportation": 739,
    "put": 740,
    "section": 741,
    "exact": 742,
    "unknown": 743,
    "experience": 744,
    "anthropology": 745,
    "throughout": 746,
    "because": 747,
    "specifically": 748,
    "lane": 749,
    "category": 750,
    "double": 751,
    "business": 752,
    "hello": 753,
    "bill": 754,
    "school": 755,
    "personal": 756,
    "lets": 757,
    "believe": 758,
    "arbury": 759,
    "hi": 760,
    "finches": 761,
    "neither": 762,
    "inquiring": 763,
    "establishment": 764,
    "helping": 765,
    "almost": 766,
    "inn": 767,
    "narrowed": 768,
    "andrews": 769,
    "scheduled": 770,
    "budget": 771,
    "expect": 772,
    "possibilities": 773,
    "newmarket": 774,
    "helped": 775,
    "understand": 776,
    "broaden": 777,
    "wi": 778,
    "specifics": 779,
    "county": 780,
    "wide": 781,
    "directions": 782,
    "based": 783,
    "directly": 784,
    "known": 785,
    "comes": 786,
    "bookings": 787,
    "adress": 788,
    "activity": 789,
    "mood": 790,
    "fi": 791,
    "whether": 792,
    "express": 793,
    "considered": 794,
    "amount": 795,
    "trouble": 796,
    "even": 797,
    "ah": 798,
    "idea": 799,
    "appear": 800,
    "gardens": 801,
    "local": 802,
    "hoping": 803,
    "arrange": 804,
    "ever": 805,
    "parts": 806,
    "unit": 807,
    "lodgings": 808,
    "once": 809,
    "hobson": 810,
    "riding": 811,
    "cuisines": 812,
    "example": 813,
    "suggestion": 814,
    "provides": 815,
    "except": 816,
    "alpha": 817,
    "old": 818,
    "noodle": 819,
    "specified": 820,
    "general": 821,
    "trips": 822,
    "tried": 823,
    "depending": 824,
    "confused": 825,
    "verify": 826,
    "he": 827,
    "late": 828,
    "belfry": 829,
    "result": 830,
    "direct": 831,
    "northern": 832,
    "expand": 833,
    "approximately": 834,
    "shortly": 835,
    "period": 836,
    "fully": 837,
    "suits": 838,
    "addresses": 839,
    "worries": 840,
    "gastropubs": 841,
    "spot": 842,
    "addenbrookes": 843,
    "passengers": 844,
    "working": 845,
    "past": 846,
    "alone": 847,
    "lasts": 848,
    "features": 849,
    "selection": 850,
    "across": 851,
    "history": 852,
    "completely": 853,
    "establishments": 854,
    "following": 855,
    "parameters": 856,
    "starts": 857,
    "year": 858,
    "terrific": 859,
    "eating": 860,
    "unsure": 861,
    "suggestions": 862,
    "appointment": 863,
    "accommodation": 864,
    "otherwise": 865,
    "why": 866,
    "kinds": 867,
    "pulled": 868,
    "affordable": 869,
    "inform": 870,
    "provided": 871,
    "fall": 872,
    "important": 873,
    "reserving": 874,
    "galleries": 875,
    "stansted": 876,
    "issue": 877,
    "alternative": 878,
    "fancy": 879,
    "given": 880,
    "adjust": 881,
    "openings": 882,
    "botanic": 883,
    "magdalene": 884,
    "various": 885,
    "dropped": 886,
    "managed": 887,
    "special": 888,
    "asked": 889,
    "upscale": 890,
    "optional": 891,
    "victoria": 892,
    "delicious": 893,
    "convenient": 894,
    "favorites": 895,
    "lookout": 896,
    "causeway": 897,
    "m": 898,
    "stick": 899,
    "science": 900,
    "yard": 901,
    "curry": 902,
    "question": 903,
    "central": 904,
    "perfectly": 905,
    "company": 906,
    "along": 907,
    "owe": 908,
    "activities": 909,
    "university": 910,
    "inquiry": 911,
    "zip": 912,
    "reachable": 913,
    "bring": 914,
    "quality": 915,
    "southern": 916,
    "elsewhere": 917,
    "gave": 918,
    "size": 919,
    "visitors": 920,
    "yo": 921,
    "kingfisher": 922,
    "histon": 923,
    "downing": 924,
    "mistake": 925,
    "centrally": 926,
    "tree": 927,
    "respectively": 928,
    "text": 929,
    "appreciate": 930,
    "fifteen": 931,
    "queen": 932,
    "nando": 933,
    "bishops": 934,
    "select": 935,
    "asking": 936,
    "answer": 937,
    "john": 938,
    "vehicle": 939,
    "parade": 940,
    "adc": 941,
    "folk": 942,
    "retail": 943,
    "taken": 944,
    "shop": 945,
    "y": 946,
    "public": 947,
    "add": 948,
    "congratulations": 949,
    "punting": 950,
    "buy": 951,
    "hall": 952,
    "mention": 953,
    "myself": 954,
    "appeals": 955,
    "talking": 956,
    "weekend": 957,
    "changed": 958,
    "enjoyed": 959,
    "vary": 960,
    "rd": 961,
    "mine": 962,
    "cancel": 963,
    "soul": 964,
    "enough": 965,
    "club": 966,
    "opening": 967,
    "process": 968,
    "bus": 969,
    "forgot": 970,
    "cafe": 971,
    "appeal": 972,
    "charges": 973,
    "computer": 974,
    "appealing": 975,
    "issues": 976,
    "thirteen": 977,
    "famous": 978,
    "pickup": 979,
    "land": 980,
    "eateries": 981,
    "assume": 982,
    "touch": 983,
    "rate": 984,
    "foods": 985,
    "email": 986,
    "wait": 987,
    "c": 988,
    "tour": 989,
    "waiting": 990,
    "row": 991,
    "depends": 992,
    "country": 993,
    "region": 994,
    "abbey": 995,
    "daily": 996,
    "wandlebury": 997,
    "warkworth": 998,
    "chosen": 999,
    "leaveat": 1000,
    "arriveby": 1001,
    "doing": 1002,
    "alternate": 1003
}